dataset,system,ndcg10,quant,doc,query,dim
scifact,BM25,0.6518925893260477,,,,
scifact,EG2,0.8373703058110343,Q4,prefix,prefix,768.0
scifact,EG2,0.8372729554196925,Q4,prefix,prefix,512.0
scifact,EG2,0.8204870237269822,Q4,prefix,prefix,256.0
scifact,EG2,0.7933741689277853,Q4,prefix,prefix,128.0
scifact,EG2,0.8188134019847371,Q4,prefix,raw,768.0
scifact,EG2,0.8191177335431282,Q4,prefix,raw,512.0
scifact,EG2,0.8069541356953848,Q4,prefix,raw,256.0
scifact,EG2,0.729780160975773,Q4,prefix,raw,128.0
scifact,EG2,0.8496843084263269,BF16,prefix,prefix,768.0
scifact,EG2,0.8503713871861613,BF16,prefix,prefix,512.0
scifact,EG2,0.8375204902087747,BF16,prefix,prefix,256.0
scifact,EG2,0.7948425497322292,BF16,prefix,prefix,128.0
scifact,EG2,0.8443488724062291,BF16,prefix,raw,768.0
scifact,EG2,0.8361503409195853,BF16,prefix,raw,512.0
scifact,EG2,0.8216337878590023,BF16,prefix,raw,256.0
scifact,EG2,0.7538825417418347,BF16,prefix,raw,128.0
nfcorpus,BM25,0.30706854338435147,,,,
nfcorpus,EG2,0.3659547960705592,Q4,prefix,prefix,768.0
nfcorpus,EG2,0.3642834201129464,Q4,prefix,prefix,512.0
nfcorpus,EG2,0.3500598723842577,Q4,prefix,prefix,256.0
nfcorpus,EG2,0.30280343950327926,Q4,prefix,prefix,128.0
nfcorpus,EG2,0.34306429465585314,Q4,prefix,raw,768.0
nfcorpus,EG2,0.34220895861081574,Q4,prefix,raw,512.0
nfcorpus,EG2,0.3254288776247715,Q4,prefix,raw,256.0
nfcorpus,EG2,0.2212941895167729,Q4,prefix,raw,128.0
nfcorpus,EG2,0.3682200962468603,BF16,prefix,prefix,768.0
nfcorpus,EG2,0.3687089691004726,BF16,prefix,prefix,512.0
nfcorpus,EG2,0.3494155873759262,BF16,prefix,prefix,256.0
nfcorpus,EG2,0.3040371949168077,BF16,prefix,prefix,128.0
nfcorpus,EG2,0.34695721563542387,BF16,prefix,raw,768.0
nfcorpus,EG2,0.3491178213391936,BF16,prefix,raw,512.0
nfcorpus,EG2,0.33214424234224293,BF16,prefix,raw,256.0
nfcorpus,EG2,0.22644174926326777,BF16,prefix,raw,128.0
arguana,BM25,0.3853647641601963,,,,
arguana,EG2,0.5935310387486115,Q4,prefix,prefix,768.0
arguana,EG2,0.5906271661001634,Q4,prefix,prefix,512.0
arguana,EG2,0.5800537321661443,Q4,prefix,prefix,256.0
arguana,EG2,0.5285519586015538,Q4,prefix,prefix,128.0
arguana,EG2,0.5652874190810591,Q4,prefix,raw,768.0
arguana,EG2,0.5635405166989192,Q4,prefix,raw,512.0
arguana,EG2,0.5471015827511438,Q4,prefix,raw,256.0
arguana,EG2,0.4635550267049365,Q4,prefix,raw,128.0
arguana,EG2,0.5870333744016473,BF16,prefix,prefix,768.0
arguana,EG2,0.5823892041771193,BF16,prefix,prefix,512.0
arguana,EG2,0.57144873987544,BF16,prefix,prefix,256.0
arguana,EG2,0.5238706693564238,BF16,prefix,prefix,128.0
arguana,EG2,0.5546220528400276,BF16,prefix,raw,768.0
arguana,EG2,0.5534570442807321,BF16,prefix,raw,512.0
arguana,EG2,0.5399802280554646,BF16,prefix,raw,256.0
arguana,EG2,0.46160505815592834,BF16,prefix,raw,128.0
