dataset,quant,doc,query,dim,top10_overlap,top1_same
scifact,Q4,prefix,prefix,768,0.8573333333333335,0.93
scifact,Q4,prefix,prefix,512,0.8626666666666667,0.9266666666666666
scifact,Q4,prefix,prefix,256,0.8446666666666668,0.92
scifact,Q4,prefix,prefix,128,0.8083333333333333,0.9233333333333333
scifact,Q4,prefix,raw,768,0.834,0.8833333333333333
scifact,Q4,prefix,raw,512,0.8393333333333334,0.9033333333333333
scifact,Q4,prefix,raw,256,0.8360000000000002,0.9
scifact,Q4,prefix,raw,128,0.7956666666666669,0.8166666666666667
nfcorpus,Q4,prefix,prefix,768,0.8526315789473683,0.7987616099071208
nfcorpus,Q4,prefix,prefix,512,0.8470588235294119,0.7987616099071208
nfcorpus,Q4,prefix,prefix,256,0.8399380804953561,0.7647058823529411
nfcorpus,Q4,prefix,prefix,128,0.804953560371517,0.7492260061919505
nfcorpus,Q4,prefix,raw,768,0.8427244582043345,0.7554179566563467
nfcorpus,Q4,prefix,raw,512,0.8390092879256966,0.7894736842105263
nfcorpus,Q4,prefix,raw,256,0.8142414860681114,0.7492260061919505
nfcorpus,Q4,prefix,raw,128,0.7900928792569659,0.7801857585139319
arguana,Q4,prefix,prefix,768,0.866927453769559,0.7780938833570412
arguana,Q4,prefix,prefix,512,0.864580369843528,0.783072546230441
arguana,Q4,prefix,prefix,256,0.8563300142247511,0.7716927453769559
arguana,Q4,prefix,prefix,128,0.8145092460881935,0.7432432432432432
arguana,Q4,prefix,raw,768,0.85099573257468,0.7603129445234709
arguana,Q4,prefix,raw,512,0.8463015647226174,0.7596017069701281
arguana,Q4,prefix,raw,256,0.8405405405405406,0.7411095305832148
arguana,Q4,prefix,raw,128,0.785633001422475,0.6543385490753911
